{
  "generation": 10,
  "train_score": 0.8933333333333334,
  "validation_score": 0.813,
  "timestamp": "2025-01-28T16:55:12.558249"
}